コンテキスト	条件	条件の説明	バリエーション	状態モデル
条件コンテキスト	申請金額の妥当性	申請金額が0以上の整数であれば妥当とし、負数・小数・整数でない入力を拒否する。		
条件コンテキスト	申請物品の妥当性	申請物品が空でなければ妥当とし、空の入力を拒否する。		
条件コンテキスト	申請の保留登録	金額と物品が妥当な申請に一意の申請IDを付け、金額と物品を決裁状態「保留」で登録する。		
条件コンテキスト	決裁対象の存在	指定された申請IDに対応する購入申請が存在する場合のみ決裁対象とし、存在しない場合は決裁を拒否する。		
条件コンテキスト	保留中申請の決裁	購入申請の決裁状態が「保留」の場合だけ承認または却下を記録できる。決定に応じて「承認」または「却下」へ遷移させる。		購入申請の決裁状態
条件コンテキスト	少額申請の決裁権限	申請金額が10万円未満で承認者の役職が課長の場合に限り、少額申請の決裁を認める。	申請金額区分、承認者役職	
条件コンテキスト	申請者への結果通知	決裁状態が「承認」または「却下」となった申請について、その結果を申請者に通知する。		購入申請の決裁状態
条件コンテキスト	承認申請の購入引渡し	決裁状態が「承認」の購入申請だけを購買担当への購入対象として引き渡し、「保留」または「却下」の申請は引き渡さない。		購入申請の決裁状態
条件コンテキスト	購買担当の購入役割	承認済み購入申請の引渡し先を購買担当とし、購買担当が購入を扱う。		
条件コンテキスト	高額申請の決裁権限	申請金額が10万円以上で承認者の役職が部長の場合に限り、高額申請の決裁を認める。	申請金額区分、承認者役職	
