業務	BUC	先	アクティビティ	次	UC	関連モデル1	関連オブジェクト1	関連モデル2	関連オブジェクト2	説明	画面要求
会議室運営業務	空室検索フロー		空室の検索条件を指定する	↓	空室を検索する	情報	会議室			希望日時に対し、利用停止中の会議室と予約済み時間帯を除外して空きを検索する。	
会議室運営業務	空室検索フロー		空室の検索条件を指定する	↓	空室を検索する	情報	予約			希望日時に対し、利用停止中の会議室と予約済み時間帯を除外して空きを検索する。	
会議室運営業務	空室検索フロー		空室の検索条件を指定する	↓	空室を検索する	条件	空室検索対象条件			希望日時に対し、利用停止中の会議室と予約済み時間帯を除外して空きを検索する。	
会議室運営業務	空室検索フロー		空室の検索条件を指定する	↓	空室を検索する	画面	空室検索画面	アクター	会議室利用希望社員	希望日時に対し、利用停止中の会議室と予約済み時間帯を除外して空きを検索する。	希望日と時間帯を指定して検索でき、利用停止中の会議室を候補に含めないこと。
会議室運営業務	空室検索フロー		利用可能な会議室と時間帯を確認する		検索結果を確認する	情報	会議室			利用可能な会議室と時間帯を表示し、取消済み予約の時間帯も空きとして確認できるようにする。	
会議室運営業務	空室検索フロー		利用可能な会議室と時間帯を確認する		検索結果を確認する	情報	予約			利用可能な会議室と時間帯を表示し、取消済み予約の時間帯も空きとして確認できるようにする。	
会議室運営業務	空室検索フロー		利用可能な会議室と時間帯を確認する		検索結果を確認する	条件	空室検索対象条件			利用可能な会議室と時間帯を表示し、取消済み予約の時間帯も空きとして確認できるようにする。	
会議室運営業務	空室検索フロー		利用可能な会議室と時間帯を確認する		検索結果を確認する	条件	取消時間帯再利用条件			利用可能な会議室と時間帯を表示し、取消済み予約の時間帯も空きとして確認できるようにする。	
会議室運営業務	空室検索フロー		利用可能な会議室と時間帯を確認する		検索結果を確認する	画面	空室検索画面	アクター	会議室利用希望社員	利用可能な会議室と時間帯を表示し、取消済み予約の時間帯も空きとして確認できるようにする。	利用可能な会議室と時間帯を比較でき、取消済み予約の時間帯を取消直後から空きとして表示すること。
会議室運営業務	会議室予約フロー		予約する会議室と時間帯を指定する	↓	予約を申し込む	情報	会議室			会議室と希望時間帯を選択して新規予約を申し込む。	
会議室運営業務	会議室予約フロー		予約する会議室と時間帯を指定する	↓	予約を申し込む	情報	予約			会議室と希望時間帯を選択して新規予約を申し込む。	
会議室運営業務	会議室予約フロー		予約する会議室と時間帯を指定する	↓	予約を申し込む	条件	新規予約可能条件			会議室と希望時間帯を選択して新規予約を申し込む。	
会議室運営業務	会議室予約フロー		予約する会議室と時間帯を指定する	↓	予約を申し込む	画面	会議室予約画面	アクター	会議室利用希望社員	会議室と希望時間帯を選択して新規予約を申し込む。	検索結果から会議室と希望時間帯を選び、予約内容を確認して申し込めること。
会議室運営業務	会議室予約フロー		新規予約の可否を確認する		予約可否を確認する	情報	会議室			利用停止と有効な予約との時間重複を確認し、取消済みの時間帯を予約可能と判定する。	
会議室運営業務	会議室予約フロー		新規予約の可否を確認する		予約可否を確認する	情報	予約			利用停止と有効な予約との時間重複を確認し、取消済みの時間帯を予約可能と判定する。	
会議室運営業務	会議室予約フロー		新規予約の可否を確認する		予約可否を確認する	条件	新規予約可能条件			利用停止と有効な予約との時間重複を確認し、取消済みの時間帯を予約可能と判定する。	
会議室運営業務	会議室予約フロー		新規予約の可否を確認する		予約可否を確認する	条件	取消時間帯再利用条件			利用停止と有効な予約との時間重複を確認し、取消済みの時間帯を予約可能と判定する。	
会議室運営業務	会議室予約フロー		新規予約の可否を確認する		予約可否を確認する	画面	会議室予約画面	アクター	社員	利用停止と有効な予約との時間重複を確認し、取消済みの時間帯を予約可能と判定する。	選択した会議室の利用状態と有効な予約との時間重複に基づく予約可否を確認でき、取消済みの時間帯を予約可能として扱うこと。
会議室運営業務	会議室予約フロー		会議室を予約する		会議室を予約する	情報	会議室			利用可能な会議室と時間帯の予約を成立させ、予約情報を予約済みとして記録する。	
会議室運営業務	会議室予約フロー		会議室を予約する		会議室を予約する	情報	予約			利用可能な会議室と時間帯の予約を成立させ、予約情報を予約済みとして記録する。	
会議室運営業務	会議室予約フロー		会議室を予約する		会議室を予約する	条件	新規予約可能条件			利用可能な会議室と時間帯の予約を成立させ、予約情報を予約済みとして記録する。	
会議室運営業務	会議室予約フロー		会議室を予約する		会議室を予約する	画面	会議室予約画面	アクター	社員	利用可能な会議室と時間帯の予約を成立させ、予約情報を予約済みとして記録する。	予約が成立した会議室と時間帯および予約済みの状態を確認できること。
会議室運営業務	会議室予約フロー		予約できない理由を確認する		予約不可理由を確認する	情報	会議室			会議室の利用停止または有効な予約との時間重複による不成立の理由を表示する。	
会議室運営業務	会議室予約フロー		予約できない理由を確認する		予約不可理由を確認する	情報	予約			会議室の利用停止または有効な予約との時間重複による不成立の理由を表示する。	
会議室運営業務	会議室予約フロー		予約できない理由を確認する		予約不可理由を確認する	条件	新規予約可能条件			会議室の利用停止または有効な予約との時間重複による不成立の理由を表示する。	
会議室運営業務	会議室予約フロー		予約できない理由を確認する		予約不可理由を確認する	画面	会議室予約画面	アクター	会議室利用希望社員	会議室の利用停止または有効な予約との時間重複による不成立の理由を表示する。	予約が成立しなかった場合、利用停止または時間重複の理由を区別して確認できること。
会議室運営業務	予約時間変更フロー		予約の変更先時間帯を指定する	↓	予約変更を申し込む	情報	会議室			既存予約を選び、変更先の時間帯を指定して変更を申し込む。	
会議室運営業務	予約時間変更フロー		予約の変更先時間帯を指定する	↓	予約変更を申し込む	情報	予約			既存予約を選び、変更先の時間帯を指定して変更を申し込む。	
会議室運営業務	予約時間変更フロー		予約の変更先時間帯を指定する	↓	予約変更を申し込む	条件	予約時間変更可能条件			既存予約を選び、変更先の時間帯を指定して変更を申し込む。	
会議室運営業務	予約時間変更フロー		予約の変更先時間帯を指定する	↓	予約変更を申し込む	画面	予約時間変更画面	アクター	会議室予約済社員	既存予約を選び、変更先の時間帯を指定して変更を申し込む。	既存の予約と変更先の時間帯を確認・指定して変更を申し込めること。
会議室運営業務	予約時間変更フロー		予約時間変更の可否を確認する		予約時間変更可否を確認する	情報	会議室			対象会議室の利用停止と他の有効な予約との時間重複を確認する。	
会議室運営業務	予約時間変更フロー		予約時間変更の可否を確認する		予約時間変更可否を確認する	情報	予約			対象会議室の利用停止と他の有効な予約との時間重複を確認する。	
会議室運営業務	予約時間変更フロー		予約時間変更の可否を確認する		予約時間変更可否を確認する	条件	予約時間変更可能条件			対象会議室の利用停止と他の有効な予約との時間重複を確認する。	
会議室運営業務	予約時間変更フロー		予約時間変更の可否を確認する		予約時間変更可否を確認する	画面	予約時間変更画面	アクター	社員	対象会議室の利用停止と他の有効な予約との時間重複を確認する。	変更先が利用停止中の会議室に該当するか、他の有効な予約と重複するかを踏まえた変更可否を確認できること。
会議室運営業務	予約時間変更フロー		予約時間を変更する		予約時間を変更する	情報	会議室			変更可能な場合に既存予約の時間帯を更新し、予約済みの状態を維持する。	
会議室運営業務	予約時間変更フロー		予約時間を変更する		予約時間を変更する	情報	予約			変更可能な場合に既存予約の時間帯を更新し、予約済みの状態を維持する。	
会議室運営業務	予約時間変更フロー		予約時間を変更する		予約時間を変更する	条件	予約時間変更可能条件			変更可能な場合に既存予約の時間帯を更新し、予約済みの状態を維持する。	
会議室運営業務	予約時間変更フロー		予約時間を変更する		予約時間を変更する	画面	予約時間変更画面	アクター	社員	変更可能な場合に既存予約の時間帯を更新し、予約済みの状態を維持する。	変更が成立した時間帯と予約済みの状態を確認できること。
会議室運営業務	予約時間変更フロー		変更できない理由を確認する		変更不可理由を確認する	情報	会議室			変更先の重複または会議室の利用停止による不成立の理由を表示し、元の予約を維持する。	
会議室運営業務	予約時間変更フロー		変更できない理由を確認する		変更不可理由を確認する	情報	予約			変更先の重複または会議室の利用停止による不成立の理由を表示し、元の予約を維持する。	
会議室運営業務	予約時間変更フロー		変更できない理由を確認する		変更不可理由を確認する	条件	予約時間変更可能条件			変更先の重複または会議室の利用停止による不成立の理由を表示し、元の予約を維持する。	
会議室運営業務	予約時間変更フロー		変更できない理由を確認する		変更不可理由を確認する	画面	予約時間変更画面	アクター	会議室予約済社員	変更先の重複または会議室の利用停止による不成立の理由を表示し、元の予約を維持する。	変更先の時間重複または会議室の利用停止を理由として表示し、元の予約が維持されたことを確認できること。
会議室運営業務	予約取消フロー		取り消す予約を指定する	↓	取消対象予約を指定する	情報	予約			当日を含め期限なく自身の予約を選択して取消対象を指定する。	
会議室運営業務	予約取消フロー		取り消す予約を指定する	↓	取消対象予約を指定する	条件	予約取消期限条件			当日を含め期限なく自身の予約を選択して取消対象を指定する。	
会議室運営業務	予約取消フロー		取り消す予約を指定する	↓	取消対象予約を指定する	画面	予約取消画面	アクター	会議室予約済社員	当日を含め期限なく自身の予約を選択して取消対象を指定する。	自身の予約を確認して取消対象を選べ、当日の予約も選択できること。
会議室運営業務	予約取消フロー		予約を取り消す	↓	予約を取り消す	情報	予約			指定した予約を取り消し、時間帯の占有を解いて予約状態を取消済みにする。	
会議室運営業務	予約取消フロー		予約を取り消す	↓	予約を取り消す	条件	予約取消期限条件			指定した予約を取り消し、時間帯の占有を解いて予約状態を取消済みにする。	
会議室運営業務	予約取消フロー		予約を取り消す	↓	予約を取り消す	条件	取消時間帯再利用条件			指定した予約を取り消し、時間帯の占有を解いて予約状態を取消済みにする。	
会議室運営業務	予約取消フロー		予約を取り消す	↓	予約を取り消す	画面	予約取消画面	アクター	社員	指定した予約を取り消し、時間帯の占有を解いて予約状態を取消済みにする。	指定した予約の取消結果と取消済みの状態を確認できること。
会議室運営業務	予約取消フロー		取消済みの時間帯を空きに戻す		取消時間帯を開放する	情報	会議室			取消直後から該当時間帯を空室検索および新規予約の対象に反映する。	
会議室運営業務	予約取消フロー		取消済みの時間帯を空きに戻す		取消時間帯を開放する	情報	予約			取消直後から該当時間帯を空室検索および新規予約の対象に反映する。	
会議室運営業務	予約取消フロー		取消済みの時間帯を空きに戻す		取消時間帯を開放する	条件	取消時間帯再利用条件			取消直後から該当時間帯を空室検索および新規予約の対象に反映する。	
会議室運営業務	予約取消フロー		取消済みの時間帯を空きに戻す		取消時間帯を開放する	画面	予約取消画面	アクター	社員	取消直後から該当時間帯を空室検索および新規予約の対象に反映する。	取消した時間帯が直ちに空室検索と新規予約の対象へ戻ったことを確認できること。
会議室運営業務	会議室利用停止フロー		利用停止する会議室を指定する	↓	利用停止対象を指定する	情報	会議室			管理者が利用停止する会議室を選択する。	
会議室運営業務	会議室利用停止フロー		利用停止する会議室を指定する	↓	利用停止対象を指定する	画面	会議室利用停止画面	アクター	会議室管理者	管理者が利用停止する会議室を選択する。	会議室を識別して利用停止の対象を選択できること。
会議室運営業務	会議室利用停止フロー		会議室を利用停止にする	↓	会議室の利用を停止する	情報	会議室			会議室を利用停止にし、空室検索、新規予約、予約時間変更先から除外する。	
会議室運営業務	会議室利用停止フロー		会議室を利用停止にする	↓	会議室の利用を停止する	情報	予約			会議室を利用停止にし、空室検索、新規予約、予約時間変更先から除外する。	
会議室運営業務	会議室利用停止フロー		会議室を利用停止にする	↓	会議室の利用を停止する	条件	利用停止前予約維持条件			会議室を利用停止にし、空室検索、新規予約、予約時間変更先から除外する。	
会議室運営業務	会議室利用停止フロー		会議室を利用停止にする	↓	会議室の利用を停止する	画面	会議室利用停止画面	アクター	会議室管理者	会議室を利用停止にし、空室検索、新規予約、予約時間変更先から除外する。	対象の利用停止中の状態を確認でき、停止後は空室検索・新規予約・時間変更先の対象外になることを把握できること。
会議室運営業務	会議室利用停止フロー		停止前の既存予約を維持する		既存予約を維持する	情報	会議室			利用停止前に成立した予約を取り消さず、予約情報とその利用権を維持する。	
会議室運営業務	会議室利用停止フロー		停止前の既存予約を維持する		既存予約を維持する	情報	予約			利用停止前に成立した予約を取り消さず、予約情報とその利用権を維持する。	
会議室運営業務	会議室利用停止フロー		停止前の既存予約を維持する		既存予約を維持する	条件	利用停止前予約維持条件			利用停止前に成立した予約を取り消さず、予約情報とその利用権を維持する。	
会議室運営業務	会議室利用停止フロー		停止前の既存予約を維持する		既存予約を維持する	画面	会議室利用停止画面	アクター	会議室管理者	利用停止前に成立した予約を取り消さず、予約情報とその利用権を維持する。	停止前に成立した予約が維持され、予約者の利用権が残ることを確認できること。
会議室運営業務	会議室利用停止フロー		既存予約で会議室を利用する							停止前の予約に基づき社員が会議室を利用する実作業であり、システムの操作は伴わない。	
