コンテキスト	状態モデル	状態	遷移UC	遷移先状態	状態モデル・状態の説明
会員管理	返却遅延区分		会員を登録する	0日以上3日未満	新規会員の遅延区分を初期値に設定し、貸出可否判定に利用できるようにする。
会員管理	返却遅延区分	0日以上3日未満	返却遅延区分を更新する	3日以上7日未満	未返却貸出の遅延が3日に達したことを会員の区分へ反映する。
会員管理	返却遅延区分	3日以上7日未満	返却遅延区分を更新する	7日以上	未返却貸出の遅延が7日に達したことを会員の区分へ反映する。
会員管理	返却遅延区分	0日以上3日未満	返却遅延区分を更新する	7日以上	前回確認から遅延が7日以上へ進んだ場合も実際の区分へ更新する。
会員管理	返却遅延区分	3日以上7日未満	返却遅延区分を更新する	0日以上3日未満	返却後の未返却貸出を再評価し、遅延が3日未満になったことを反映する。
会員管理	返却遅延区分	7日以上	返却遅延区分を更新する	3日以上7日未満	返却後も別の貸出に3日以上7日未満の遅延が残ることを反映する。
会員管理	返却遅延区分	7日以上	返却遅延区分を更新する	0日以上3日未満	返却後に3日以上の遅延がなくなったことを反映する。
会員管理	蔵書の貸出状態		蔵書を登録する	貸出可能	登録した蔵書を貸出対象として管理できるようにする。
会員管理	蔵書の貸出状態	貸出可能	蔵書の貸出を記録する	貸出中	許可された貸出を記録して蔵書が使用中であることを示す。
会員管理	蔵書の貸出状態	貸出中	蔵書を貸出可能にする	貸出可能	返却記録後の蔵書を再び貸し出せるようにする。
会員管理	貸出の返却状態		蔵書の貸出を記録する	貸出中	貸出情報を作成し、未返却の貸出として追跡する。
会員管理	貸出の返却状態	貸出中	蔵書の返却を記録する	返却済	返却日を記録し、その貸出が完了したことを示す。
会員管理	貸出の返却状態	返却済			返却済の貸出はそれ以上遷移しない終端状態である。
