条件	条件の説明	バリエーション	状態モデル
申請金額の妥当性	申請金額が数値として入力され、10万円未満または10万円以上の区分を判定できること。少額申請は10万円未満、高額申請は10万円以上に該当する。	申請金額区分	
申請物品の妥当性	購入希望の物品が入力され、申請内容として扱える形式であること。不備のある物品入力は修正を求める。		
購入申請の受付	金額と物品が妥当な申請に申請IDを発行し、申請中として登録して201を返す。不正な入力は登録せず400を返す。		
決裁対象の存在	指定された申請IDに対応する購入申請が存在すること。存在しないIDの照会または決裁依頼は404とし、決裁を記録しない。		
少額申請の決裁権限	申請金額が10万円未満で、決裁する役職が課長である場合に少額申請の決裁を許可する。	申請金額区分,承認役職区分	
決裁役割の拒否	申請金額区分に対応する役職以外からの決裁依頼を403で拒否し、決裁を記録しない。10万円未満は課長、10万円以上は部長が担当する。	申請金額区分,承認役職区分	
決裁結果の範囲	決裁結果は承認または却下のいずれかとし、申請中の購入申請を判断結果に応じて承認済または却下済にする。	承認判断区分	購入申請状態
高額申請の決裁権限	申請金額が10万円以上で、決裁する役職が部長である場合に高額申請の決裁を許可する。	申請金額区分,承認役職区分	
購入引渡しの条件	購入申請状態が承認済の申請だけを購買担当へ引き渡す。申請中または却下済は引き渡さない。		購入申請状態
購入担当の限定	承認済み申請に基づく物品の購入は購買担当が行う。		
購入結果の記録と連絡	購入した物品と金額を購入結果として記録し、記録した結果を申請者へ連絡する。		
