要求	アクター	機能非機能
社員が購入申請を出せること	社員	機能
購入申請の金額が10万円以上の場合は部長が承認または却下できること	部長	機能
購入申請の金額が10万円未満の場合は課長が承認または却下できること	課長	機能
承認された申請だけを購買担当への購入引渡し対象とし、却下された申請は購入対象にしないこと	購買担当	機能
購入結果を申請者へ伝えること。ただし今回のAPI実装範囲には含めないこと		機能
購入した物品と金額を記録すること。ただし購入実行は今回のAPI実装範囲に含めないこと		機能
既存公開REST APIのPOST /purchase-requestsを維持し、amount_yenとitemを受け取ること		機能
購入申請APIではamount_yenを0以上の整数、itemを空でない文字列として検証し、不正入力には400を返すこと		機能
購入申請APIは正常時に201でidとstatus=pendingを返すこと		機能
既存公開REST APIのPOST /purchase-requests/{id}/decisionを維持し、decision=approvedまたはrejected、role=managerまたはdirectorを受け取ること		機能
決定APIは金額に対応した役割だけが承認または却下でき、異なる役割には403を返すこと		機能
決定APIは存在しないidに404を返すこと		機能
決定APIは正常時に200でidと決定後のstatusを返すこと		機能
決定済みの申請への再決定は409で拒否すること		機能
追加の承認条件を設けないこと		機能
既存のpurchase_requestsスキーマを維持し、idはbigintの自動採番主キー、amount_yenは0以上の必須整数、itemは空でない必須文字列、statusはpending・approved・rejectedのいずれかの必須文字列とすること		非機能
TypeScriptとPostgreSQLを使用すること		非機能
今回のAPI実装範囲は申請・承認分岐と購入への引渡しまでとし、購入実行と結果連絡は含めないこと		非機能
