業務	BUC	アクティビティ	次	アクター	説明
購買業務	10万円以上の購入申請承認フロー	購入申請を提出する	↓	購買担当	購入申請の金額と内容を承認判断に回す。
購買業務	10万円以上の購入申請承認フロー	申請金額を確認する	↓	購買担当	申請額が10万円以上であることを確認し、部長に承認を求める。
購買業務	10万円以上の購入申請承認フロー	購入申請を承認または却下する	↓	部長	10万円以上の申請を共通の承認条件に従って審査し、承認か却下を判断する。
購買業務	10万円以上の購入申請承認フロー	承認結果を記録する		部長	承認または却下の結果を承認記録に残し、購買担当が購入可否を判定できるようにする。
購買業務	10万円未満の購入申請承認フロー	購入申請を提出する	↓	購買担当	購入申請の金額と内容を承認判断に回す。
購買業務	10万円未満の購入申請承認フロー	申請金額を確認する	↓	購買担当	申請額が10万円未満であることを確認し、課長に承認を求める。
購買業務	10万円未満の購入申請承認フロー	購入申請を承認または却下する	↓	課長	10万円未満の申請を共通の承認条件に従って審査し、承認か却下を判断する。
購買業務	10万円未満の購入申請承認フロー	承認結果を記録する		課長	承認または却下の結果を承認記録に残し、購買担当が購入可否を判定できるようにする。
購買業務	承認済購入実行フロー	承認結果を確認する		購買担当	購入申請と承認記録を照合し、承認済みか却下かを確認する。
購買業務	承認済購入実行フロー	承認済みの申請を購入する		購買担当	承認済みと確認できた申請だけ購入し、購入記録を残す。
購買業務	承認済購入実行フロー	却下された申請の購入を見送る		購買担当	承認結果が却下の申請は購入を実行しない。
