状態モデル	状態	遷移UC	遷移先状態	説明
貸出記録の返却状態		貸出を登録する	貸出中（期限内）	貸出可能と判定した会員と蔵書の貸出記録を作成し、返却期限内の未返却状態から管理を開始する。
貸出記録の返却状態	貸出中（期限内）	貸出の返却を記録する	返却済み	期限内に返却された貸出に返却日を記録し、未返却の管理を終える。
貸出記録の返却状態	貸出中（返却遅延）	貸出の返却を記録する	返却済み	期限を過ぎた貸出に返却日と遅延日数を記録し、貸出制限判断に使えるようにする。
貸出記録の返却状態	貸出中（期限内）	貸出の期限超過を記録する	貸出中（返却遅延）	未返却のまま期限を超えた貸出を遅延中として把握する。
貸出記録の返却状態	返却済み			返却が記録された貸出はこの状態モデル内でそれ以上遷移しない。
蔵書の貸出状態		蔵書を登録する	貸出可能	新規に登録した蔵書を貸出対象として管理し始める。
蔵書の貸出状態	貸出可能	蔵書の貸出状況を更新する	貸出中	貸出登録に合わせて蔵書を利用中とし、重複した貸出を防ぐ。
蔵書の貸出状態	貸出中	蔵書の貸出状況を更新する	貸出可能	返却された蔵書を再び貸出対象として扱えるようにする。
会員の貸出制限状態		会員を登録する	貸出可能	新規会員の貸出制限状態を貸出可能として開始する。
会員の貸出制限状態	貸出可能	会員の貸出制限を判定する	貸出制限中	確定した会員種別と遅延日数別の基準に該当するとき、新たな貸出を制限する。
会員の貸出制限状態	貸出制限中	会員の貸出制限を解除する	貸出可能	貸出記録と確定した基準から制限が不要と判断できたとき、再び貸出を許す。
