業務	BUC	アクティビティ	次	UC	情報	条件	アクター	外部システム	状態モデル	From状態	To状態	説明
購買業務	購入申請フロー	購入内容を整理する	↓									社員が購入する物品と予定金額を整理する。
購買業務	購入申請フロー	購入申請を提出する		購入申請を提出する	購入申請	購入申請の提出,申請内容の明示	社員		購入申請状態		申請済み	物品と申請金額を登録し、上長に提出する。
購買業務	購入承認・却下フロー	購入申請を審査する	↓	購入申請を照会する	購入申請	申請内容の明示,上長の承認判断	上長					物品と金額を確認して妥当性を審査する。
購買業務	購入承認・却下フロー	承認または却下を記録する		購入申請を承認する	購入申請	上長の承認判断	上長		購入申請状態	申請済み	承認済み	承認結果を申請に記録する。
購買業務	購入承認・却下フロー	承認または却下を記録する		購入申請を却下する	購入申請	上長の承認判断,却下申請の購入禁止	上長		購入申請状態	申請済み	却下済み	却下結果を記録し購入を禁止する。
購買業務	購入承認・却下フロー	承認または却下を記録する		高額申請を追加確認に回す	購入申請	高額申請の追加確認	上長		高額購入追加確認状態		確認待ち	承認された高額申請を追加確認対象として管理する。
購買業務	購入承認・却下フロー	承認または却下を記録する		通常申請を購入に回す	購入申請	承認済み申請の購入担当	上長		購入実施状態		購入待ち	追加確認が不要な承認済み申請を購入対象にする。
購買業務	高額購入追加確認フロー	高額申請を確認対象として受け取る	↓	高額申請を照会する	購入申請	高額申請の追加確認	高額購買確認担当者					承認済みで高額の確認待ち申請を参照する。
購買業務	高額購入追加確認フロー	高額購入の内容を追加確認する	↓	高額申請を審査する	購入申請	高額申請の追加確認,高額申請の購入可否	高額購買確認担当者					物品と金額を確認し追加判断を行う。
購買業務	高額購入追加確認フロー	追加確認結果を記録する		高額申請を購入可能と判断する	購入申請	高額申請の追加確認,高額申請の購入可否	高額購買確認担当者		高額購入追加確認状態	確認待ち	確認済み	購入可能との追加確認結果を記録する。
購買業務	高額購入追加確認フロー	追加確認結果を記録する		高額申請を購入不可と判断する	購入申請	高額申請の追加確認,高額申請の購入可否	高額購買確認担当者		高額購入追加確認状態	確認待ち	購入不可	購入不可との追加確認結果を記録する。
購買業務	高額購入追加確認フロー	追加確認結果を記録する		確認済み申請を購入に回す	購入申請	高額申請の購入可否,承認済み申請の購入担当	高額購買確認担当者		購入実施状態		購入待ち	承認と追加確認を満たした高額申請を購入対象にする。
購買業務	承認済み物品購入フロー	購入可能な申請を確認する	↓	購入対象の申請を照会する	購入申請	却下申請の購入禁止,高額申請の購入可否,承認済み申請の購入担当	購買担当					承認と必要な追加確認を照会して購入可能性を確かめる。
購買業務	承認済み物品購入フロー	物品を購入する	↓									購買担当が購入可能な申請に従って物品を購入する。
購買業務	承認済み物品購入フロー	購入した物品と金額を記録する	↓	購入実績を記録する	購入申請,購入実績	購入実績の記録	購買担当					実際の物品と金額を元の申請に対応づけて記録する。
購買業務	承認済み物品購入フロー	購入結果を確定する		購入結果を確定する	購入申請,購入実績	購入実績の記録	購買担当		購入実施状態	購入待ち	購入済み	成功した購入結果を確定する。
購買業務	承認済み物品購入フロー	購入結果を確定する		購入結果を確定する	購入申請,購入実績	購入実績の記録	購買担当		購入実施状態	購入待ち	購入失敗	購入できなかった結果を確定する。
購買業務	承認済み物品購入フロー	購入結果を確定する		購入結果を通知対象に登録する	購入申請,購入実績	購入結果の通知	購買担当		購入結果通知状態		未通知	成否を確定した申請を通知対象にする。
購買業務	購入結果通知フロー	購入結果を確認する	↓	購入結果を照会する	購入申請,購入実績	購入結果の通知	購買担当					申請者と対応する購入結果を確認する。
購買業務	購入結果通知フロー	申請者に購入結果を伝える	↓	購入結果を通知する	購入申請,購入実績	購入結果の通知	購買担当		購入結果通知状態	未通知	通知済み	申請者に成否と物品・金額を伝えて通知を記録する。
購買業務	購入結果通知フロー	通知された結果を確認する		購入結果を照会する	購入申請,購入実績		社員					申請者が通知された結果を確認する。
