UC	画面	アクター	画面要求
会員を登録する	会員登録画面	会員登録担当者	申出内容を確認しながら会員の識別情報と大人・子供の会員種別を入力・訂正でき、登録前に重複や入力不備を確認できること。登録後の返却遅延区分が0日以上3日未満であることを確認できること。
蔵書を登録する	蔵書登録画面	蔵書管理担当者	現物を識別する情報を入力して登録内容を確認でき、登録済みの蔵書との重複や入力不備を確認できること。登録後に貸出可能な状態を確認できること。
会員情報と返却遅延日数を照会する	会員貸出状況照会画面	貸出担当者	貸出を申し出た会員を特定し、会員種別と未返却の貸出ごとの返却遅延日数を一緒に確認できること。
返却遅延区分を更新する	返却遅延区分更新画面	貸出担当者	対象会員の未返却貸出と遅延日数、現在の区分および更新後の区分を確認し、0日以上3日未満・3日以上7日未満・7日以上の該当区分へ更新できること。
蔵書の貸出可否を判定する	貸出可否判定画面	貸出担当者	会員種別と返却遅延日数の重複しない区分、判定結果およびその根拠を確認できること。大人は3日未満、子供は7日未満の場合のみ貸出可と表示できること。
蔵書の貸出を記録する	蔵書貸出画面	貸出担当者	会員と貸し出す蔵書を確認し、貸出可の判定を確認してから貸出を記録できること。記録後に蔵書と貸出の状態が貸出中になったことを確認できること。
返却対象の貸出を照会する	返却対象照会画面	返却担当者	返却された蔵書を識別し、対応する未返却の貸出と会員を照合して対象を確認できること。
蔵書の返却を記録する	蔵書返却画面	返却担当者	照合した貸出を選び、返却日を確認して返却を記録できること。記録後に貸出の返却状態が返却済になったことを確認できること。
返却遅延区分を更新する	返却遅延区分更新画面	返却担当者	返却後に残る未返却貸出の遅延日数を確認し、現在の区分と再評価した区分を比較して更新できること。3日未満、3日以上7日未満、7日以上の境界を明示できること。
蔵書を貸出可能にする	蔵書貸出状態更新画面	返却担当者	返却済の貸出と該当する蔵書を照合し、蔵書の状態を貸出中から貸出可能に更新して結果を確認できること。
