条件	条件の説明
購入申請入力条件	購入申請の金額amount_yenは0以上の整数、物品itemは空でない文字列とする。不正な入力は400で拒否する。
購入申請登録条件	社員の購入申請には一意の申請IDを付け、金額と物品を記録し、状態を承認待ちpendingとして登録する。登録成功時は201でidとstatus=pendingを返す。
少額決裁権限	申請金額が10万円未満の場合、課長role=managerだけが承認または却下を決定できる。
高額決裁権限	申請金額が10万円以上の場合、部長role=directorだけが承認または却下を決定できる。10万円ちょうどを含む。
決裁役割不一致	申請金額に対応しない役割による決定は403で拒否する。
決裁対象存在条件	決定対象の申請IDが存在しない場合は404で拒否する。
決裁待ち状態条件	承認待ちpendingの申請だけを決定できる。承認済みapprovedまたは却下済みrejectedの再決定は409で拒否する。
決裁結果条件	決定はapprovedまたはrejectedのいずれかとし、成功時は申請状態をその結果に変更して200でidと決定後のstatusを返す。
承認済申請引渡し条件	金額に対応する権限者が承認した申請だけを購買担当の購入対象として引き渡す。却下された申請は購入へ進めない。
